{"cameraMode":{"drawMode":0,"name":"Shaded","section":"Shading Mode"},"sceneLighting":true,"audioPlay":false,"sceneViewState":{"m_AlwaysRefresh":false,"showFog":true,"showSkybox":true,"showFlares":true,"showImageEffects":true,"showParticleSystems":true,"showVisualEffectGraphs":true,"m_FxEnabled":true},"in2DMode":false,"pivot":{"x":56.200767517089847,"y":-0.15067800879478455,"z":1.4743691682815552},"rotation":{"x":-0.017175596207380296,"y":-0.7047618627548218,"z":0.016916846856474878,"w":-0.709676206111908},"size":42.04631042480469,"orthographic":false}